Горизонт (нед.),RMSE,MAE,MAPE (%)
1,6107.776472242974,2602.9755048827406,55.432517157147956
3,6475.772218329073,2732.374686206031,65.57038017512019
6,6423.6792572789045,2841.431462670422,73.62654264140065
12,7867.268813030861,4030.0603170633412,122.25510765182608
